{"cameraMode":{"drawMode":0,"name":"Shaded","section":"Shading Mode"},"sceneLighting":true,"audioPlay":false,"sceneViewState":{"m_AlwaysRefresh":false,"showFog":true,"showSkybox":true,"showFlares":true,"showImageEffects":true,"showParticleSystems":true,"showVisualEffectGraphs":true,"m_FxEnabled":true},"in2DMode":false,"pivot":{"x":19.722352981567384,"y":-30.79492950439453,"z":-11.683601379394532},"rotation":{"x":-0.20453833043575288,"y":-0.7949026823043823,"z":0.42030614614486697,"w":-0.38720178604125979},"size":26.85129737854004,"orthographic":false}