{"cameraMode":{"drawMode":0,"name":"Shaded","section":"Shading Mode"},"sceneLighting":true,"audioPlay":false,"sceneViewState":{"m_AlwaysRefresh":false,"showFog":true,"showSkybox":true,"showFlares":true,"showImageEffects":true,"showParticleSystems":true,"showVisualEffectGraphs":true,"m_FxEnabled":true},"in2DMode":false,"pivot":{"x":-6.764385223388672,"y":2.2474372386932375,"z":2.7898130416870119},"rotation":{"x":0.08427892625331879,"y":-0.6890890002250671,"z":0.0812273845076561,"w":0.7152854800224304},"size":1.6308488845825196,"orthographic":false}