{"cameraMode":{"drawMode":0,"name":"Shaded","section":"Shading Mode"},"sceneLighting":true,"audioPlay":false,"sceneViewState":{"m_AlwaysRefresh":false,"showFog":true,"showSkybox":true,"showFlares":true,"showImageEffects":true,"showParticleSystems":true,"showVisualEffectGraphs":true,"m_FxEnabled":true},"in2DMode":false,"pivot":{"x":31.91284942626953,"y":-10.329767227172852,"z":2.6729135513305666},"rotation":{"x":-0.13580164313316346,"y":-0.6854200959205627,"z":0.13242371380329133,"w":-0.7032131552696228},"size":22.931005477905275,"orthographic":false}