{"cameraMode":{"drawMode":0,"name":"Shaded","section":"Shading Mode"},"sceneLighting":true,"audioPlay":false,"sceneViewState":{"m_AlwaysRefresh":false,"showFog":true,"showSkybox":true,"showFlares":true,"showImageEffects":true,"showParticleSystems":true,"showVisualEffectGraphs":true,"m_FxEnabled":true},"in2DMode":false,"pivot":{"x":-9.490998268127442,"y":2.5741353034973146,"z":-0.022794723510742189},"rotation":{"x":0.01029377244412899,"y":-0.6119409799575806,"z":0.007771351374685764,"w":0.7908982038497925},"size":3.414123773574829,"orthographic":true}