{"cameraMode":{"drawMode":0,"name":"Shaded","section":"Shading Mode"},"sceneLighting":true,"audioPlay":false,"sceneViewState":{"m_AlwaysRefresh":false,"showFog":true,"showSkybox":true,"showFlares":true,"showImageEffects":true,"showParticleSystems":true,"showVisualEffectGraphs":true,"m_FxEnabled":true},"in2DMode":false,"pivot":{"x":-9.59599781036377,"y":2.1891000270843508,"z":-0.023299217224121095},"rotation":{"x":0.052607085555791858,"y":-0.6982517242431641,"z":0.051689088344573978,"w":0.7122009992599487},"size":1.9454594850540162,"orthographic":false}