{"cameraMode":{"drawMode":0,"name":"Shaded","section":"Shading Mode"},"sceneLighting":true,"audioPlay":false,"sceneViewState":{"m_AlwaysRefresh":false,"showFog":true,"showSkybox":true,"showFlares":true,"showImageEffects":true,"showParticleSystems":true,"showVisualEffectGraphs":true,"m_FxEnabled":true},"in2DMode":false,"pivot":{"x":13.248397827148438,"y":-8.37698745727539,"z":16.936986923217775},"rotation":{"x":-0.2128196358680725,"y":-0.056222692131996158,"z":0.012323576025664807,"w":-0.9754691123962402},"size":13.815240859985352,"orthographic":false}