{"cameraMode":{"drawMode":0,"name":"Shaded","section":"Shading Mode"},"sceneLighting":true,"audioPlay":false,"sceneViewState":{"m_AlwaysRefresh":false,"showFog":true,"showSkybox":true,"showFlares":true,"showImageEffects":true,"showParticleSystems":true,"showVisualEffectGraphs":true,"m_FxEnabled":true},"in2DMode":false,"pivot":{"x":7.9196319580078129,"y":5.148193836212158,"z":-3.9629576206207277},"rotation":{"x":0.07114710658788681,"y":-0.07325227558612824,"z":0.005230451934039593,"w":0.9948031306266785},"size":9.63925552368164,"orthographic":true}