{"cameraMode":{"drawMode":0,"name":"Shaded","section":"Shading Mode"},"sceneLighting":true,"audioPlay":false,"sceneViewState":{"m_AlwaysRefresh":false,"showFog":true,"showSkybox":true,"showFlares":true,"showImageEffects":true,"showParticleSystems":true,"showVisualEffectGraphs":true,"m_FxEnabled":true},"in2DMode":false,"pivot":{"x":-1.719642162322998,"y":2.2682111263275148,"z":14.729662895202637},"rotation":{"x":0.032283682376146319,"y":0.3733089566230774,"z":-0.013001222163438797,"w":0.9270695447921753},"size":3.7030999660491945,"orthographic":false}