{"cameraMode":{"drawMode":0,"name":"Shaded","section":"Shading Mode"},"sceneLighting":true,"audioPlay":false,"sceneViewState":{"m_AlwaysRefresh":false,"showFog":true,"showSkybox":true,"showFlares":true,"showImageEffects":true,"showParticleSystems":true,"showVisualEffectGraphs":true,"m_FxEnabled":true},"in2DMode":false,"pivot":{"x":-7.000970840454102,"y":-0.3402745723724365,"z":1.1658906936645508},"rotation":{"x":-0.10899089276790619,"y":0.7047501802444458,"z":-0.11116968840360642,"w":-0.6922861933708191},"size":5.5792131423950199,"orthographic":false}