{"cameraMode":{"drawMode":0,"name":"Shaded","section":"Shading Mode"},"sceneLighting":true,"audioPlay":false,"sceneViewState":{"m_AlwaysRefresh":false,"showFog":true,"showSkybox":true,"showFlares":true,"showImageEffects":true,"showParticleSystems":true,"showVisualEffectGraphs":true,"m_FxEnabled":true},"in2DMode":false,"pivot":{"x":11.41905403137207,"y":1.5293266773223878,"z":-6.663691520690918},"rotation":{"x":-0.053830042481422427,"y":0.7352789640426636,"z":-0.05880903825163841,"w":-0.6730701923370361},"size":1.1660254001617432,"orthographic":false}