{"cameraMode":{"drawMode":0,"name":"Shaded","section":"Shading Mode"},"sceneLighting":true,"audioPlay":false,"sceneViewState":{"m_AlwaysRefresh":false,"showFog":true,"showSkybox":true,"showFlares":true,"showImageEffects":true,"showParticleSystems":true,"showVisualEffectGraphs":true,"m_FxEnabled":true},"in2DMode":false,"pivot":{"x":11.958550453186036,"y":0.8675963878631592,"z":-5.232980728149414},"rotation":{"x":0.20930549502372743,"y":-0.09171504527330399,"z":0.01971972920000553,"w":0.9733583331108093},"size":1.8670847415924073,"orthographic":false}