{"cameraMode":{"drawMode":0,"name":"Shaded","section":"Shading Mode"},"sceneLighting":true,"audioPlay":false,"sceneViewState":{"m_AlwaysRefresh":false,"showFog":true,"showSkybox":true,"showFlares":true,"showImageEffects":true,"showParticleSystems":true,"showVisualEffectGraphs":true,"m_FxEnabled":true},"in2DMode":false,"pivot":{"x":-1.0212788581848145,"y":4.485913276672363,"z":11.746919631958008},"rotation":{"x":0.2966456711292267,"y":0.11171412467956543,"z":-0.034912895411252978,"w":0.947830080986023},"size":16.152963638305665,"orthographic":false}