{"cameraMode":{"drawMode":0,"name":"Shaded","section":"Shading Mode"},"sceneLighting":true,"audioPlay":false,"sceneViewState":{"m_AlwaysRefresh":false,"showFog":true,"showSkybox":true,"showFlares":true,"showImageEffects":true,"showParticleSystems":true,"showVisualEffectGraphs":true,"m_FxEnabled":true},"in2DMode":false,"pivot":{"x":0.412683367729187,"y":3.3710780143737795,"z":0.07470560073852539},"rotation":{"x":0.007462130393832922,"y":-0.9885786771774292,"z":0.14122579991817475,"w":0.05224216729402542},"size":3.3156962394714357,"orthographic":true}