{"cameraMode":{"drawMode":0,"name":"Shaded","section":"Shading Mode"},"sceneLighting":true,"audioPlay":false,"sceneViewState":{"m_AlwaysRefresh":false,"showFog":true,"showSkybox":true,"showFlares":true,"showImageEffects":true,"showParticleSystems":true,"showVisualEffectGraphs":true,"m_FxEnabled":true},"in2DMode":false,"pivot":{"x":86.96142578125,"y":213.26808166503907,"z":114.14207458496094},"rotation":{"x":0.00017866314738057554,"y":-0.9993725419044495,"z":0.03780478611588478,"w":0.007780538406223059},"size":389.670654296875,"orthographic":false}