{"cameraMode":{"drawMode":0,"name":"Shaded","section":"Shading Mode"},"sceneLighting":true,"audioPlay":false,"sceneViewState":{"m_AlwaysRefresh":false,"showFog":true,"showSkybox":true,"showFlares":true,"showImageEffects":true,"showParticleSystems":true,"showVisualEffectGraphs":true,"m_FxEnabled":true},"in2DMode":false,"pivot":{"x":-4.392806053161621,"y":1.4189425706863404,"z":-11.323670387268067},"rotation":{"x":-0.016767092049121858,"y":0.0710281953215599,"z":-0.0011870224261656404,"w":-0.9973383545875549},"size":5.301780700683594,"orthographic":false}