{"cameraMode":{"drawMode":0,"name":"Shaded","section":"Shading Mode"},"sceneLighting":true,"audioPlay":false,"sceneViewState":{"m_AlwaysRefresh":false,"showFog":true,"showSkybox":true,"showFlares":true,"showImageEffects":true,"showParticleSystems":true,"showVisualEffectGraphs":true,"m_FxEnabled":false},"in2DMode":false,"pivot":{"x":0.6961327791213989,"y":-0.2416284680366516,"z":12.298321723937989},"rotation":{"x":-0.12555265426635743,"y":-0.5777189135551453,"z":0.09050340205430985,"w":-0.8014231324195862},"size":1.680234432220459,"orthographic":false}