{"cameraMode":{"drawMode":0,"name":"Shaded","section":"Shading Mode"},"sceneLighting":true,"audioPlay":false,"sceneViewState":{"m_AlwaysRefresh":false,"showFog":true,"showSkybox":true,"showFlares":true,"showImageEffects":true,"showParticleSystems":true,"showVisualEffectGraphs":true,"m_FxEnabled":false},"in2DMode":false,"pivot":{"x":0.560794472694397,"y":0.7915354371070862,"z":2.5166985988616945},"rotation":{"x":0.20315156877040864,"y":-0.6654620170593262,"z":0.19561359286308289,"w":0.6911032795906067},"size":3.2660253047943117,"orthographic":false}