{"cameraMode":{"drawMode":0,"name":"Shaded","section":"Shading Mode"},"sceneLighting":false,"audioPlay":false,"sceneViewState":{"m_AlwaysRefresh":false,"showFog":true,"showSkybox":false,"showFlares":true,"showImageEffects":true,"showParticleSystems":true,"showVisualEffectGraphs":true,"m_FxEnabled":true},"in2DMode":false,"pivot":{"x":-7.480000019073486,"y":0.7599999904632568,"z":6.289999961853027},"rotation":{"x":0.40306350588798525,"y":-0.01264570839703083,"z":0.005565865896642208,"w":0.9150727987289429},"size":1.2247449159622193,"orthographic":false}