{"cameraMode":{"drawMode":0,"name":"Shaded","section":"Shading Mode"},"sceneLighting":false,"audioPlay":false,"sceneViewState":{"m_AlwaysRefresh":false,"showFog":true,"showSkybox":false,"showFlares":true,"showImageEffects":true,"showParticleSystems":true,"showVisualEffectGraphs":true,"m_FxEnabled":true},"in2DMode":false,"pivot":{"x":-7.480000019073486,"y":0.7599999904632568,"z":6.289999961853027},"rotation":{"x":0.19408941268920899,"y":0.00589159457013011,"z":-0.0010664556175470353,"w":0.9810783267021179},"size":1.039230465888977,"orthographic":false}