{"cameraMode":{"drawMode":0,"name":"Shaded","section":"Shading Mode"},"sceneLighting":false,"audioPlay":false,"sceneViewState":{"m_AlwaysRefresh":false,"showFog":true,"showSkybox":false,"showFlares":true,"showImageEffects":true,"showParticleSystems":true,"showVisualEffectGraphs":true,"m_FxEnabled":true},"in2DMode":false,"pivot":{"x":0.07089893519878388,"y":2.1657090187072756,"z":0.06738996505737305},"rotation":{"x":0.19408941268920899,"y":0.00589159457013011,"z":-0.0010664556175470353,"w":0.9810783267021179},"size":2.3784608840942385,"orthographic":false}