{"cameraMode":{"drawMode":0,"name":"Shaded","section":"Shading Mode"},"sceneLighting":true,"audioPlay":false,"sceneViewState":{"m_AlwaysRefresh":false,"showFog":true,"showSkybox":false,"showFlares":true,"showImageEffects":true,"showParticleSystems":true,"showVisualEffectGraphs":true,"m_FxEnabled":true},"in2DMode":false,"pivot":{"x":-0.039999961853027347,"y":1.6700000762939454,"z":0.49321460723876955},"rotation":{"x":0.076058030128479,"y":0.7686468362808228,"z":-0.09285642206668854,"w":0.6284826993942261},"size":1.424682855606079,"orthographic":false}